term,category,trending
React hooks tutorial,Development,true
Python for data science,Data Science,true
Java Spring Boot,Development,true
How to make pasta,Cooking,false
Best movies of 2024,Entertainment,true
TypeScript vs JavaScript,Development,false
Learn CSS Grid,Development,false
Node.js performance tuning,Development,false
Go vs Rust,Development,false
How to invest in stocks,Finance,true
Machine learning basics,Data Science,true
React Native mobile development,Mobile,false
What is a blockchain,Technology,false
How to use Git,Development,false
Best sci-fi books,Entertainment,false
Keto diet plan,Health,true
Intermittent fasting,Health,false
How to tie a tie,Life,false
JavaScript array methods,Development,false
SQL injection prevention,Security,true
How to build a PC,Technology,false
Best gaming laptops,Technology,false
Linear regression explained,Data Science,false
React state management,Development,true
Next.js vs Remix,Development,true
How to play guitar,Hobbies,false
Chess openings for beginners,Hobbies,false
How to learn piano,Hobbies,false
Data structures and algorithms,Development,true
How to deploy a web app,Development,false
What is DevOps,Development,false
Kubernetes tutorial,Development,false
Docker for beginners,Development,false
React testing library,Testing,false
Cypress testing tutorial,Testing,false
Microservices architecture,Architecture,true
Design patterns in Java,Architecture,false
How to cook steak,Cooking,false
Best travel destinations 2025,Travel,true
How to save money,Finance,false
What is a 401k,Finance,false
Beginner yoga poses,Health,false
How to meditate,Health,false
World War 2 summary,History,false
History of Rome,History,false
Frontend developer roadmap,Development,true
Backend developer roadmap,Development,true
How to use Photoshop,Design,false
UI/UX design principles,Design,false
Figma tutorial for beginners,Design,false